{
  "true_values": [1, 1, 0, 1, 0, 1, 1, 0, 0, 1, 0, 0, 0, 0],
  "scores": [0.48498684, 0.46791032, 0.4888667, 0.4542461, 0.5012666,
    0.47919646, 0.47361252, 0.5059249, 0.46394345, 0.5383038, 0.49505943,
    0.5388621, 0.49089983, 0.4801692],
  "predictions": [0, 0, 0, 0, 1, 0, 0, 1, 0, 1, 0, 1, 0, 0],
  "fpr": [0.0, 0.125, 0.125, 0.75, 0.75, 0.875, 0.875, 1.0, 1.0],
  "tpr": [0.0, 0.0, 0.16666667, 0.16666667, 0.33333333, 0.33333333, 0.83333333, 0.83333333, 1.0],
  "auc": 0.25
}
