{
  "true_values": [1, 1, 0, 1, 0, 1, 1, 0, 0, 1, 0, 0, 0, 0],
  "scores": [0.0016144643, 0.0438962, 0.07525045, 0.0048509124, 0.0027689121,
    0.12891941, 0.70771676, 0.0042794985, 0.12070409, 0.6477395,
    0.0047873706, 0.0034672106, 0.26896137, 0.09113577],
  "predictions": [0, 0, 0, 0, 0, 0, 1, 0, 0, 1, 0, 0, 0, 0],
  "fpr": [0.0, 0.0, 0.125, 0.125, 0.5, 0.5, 1.0, 1.0],
  "tpr": [0.16666667, 0.33333333, 0.33333333, 0.5, 0.5, 0.83333333, 0.83333333, 1.0],
  "auc": 0.645833
}
